text,source_text,label
Photosynthesis converts light energy into chemical results inside plant cells.,Photosynthesis converts light energy into chemical energy inside plant cells.,1
Require models labeled data of machine large amounts learning.,The quick brown fox jumps over the lazy dog near the river bank.,0
The industrial revolution began in britain during the eighteenth century.,The industrial revolution began in britain during the eighteenth century.,1
Lazy bank brown the jumps river.,Machine learning models require large amounts of labeled training data.,0
Machine learning models require large amounts of labeled training data.,Machine learning models require large amounts of labeled training data.,1
Learning amounts require labeled training machine.,Climate change is driven largely by greenhouse gas emissions worldwide.,0
Climate change is driven largely several greenhouse gas emissions worldwide.,Climate change is driven largely by greenhouse gas emissions worldwide.,1
River over quick jumps the brown dog.,Climate change is driven largely by greenhouse gas emissions worldwide.,0
Machine sports models require large amounts of labeled training data.,Machine learning models require large amounts of labeled training data.,1
Software oriented objects object programming organizes classes.,Photosynthesis converts light energy into chemical energy inside plant cells.,0
Photosynthesis converts light energy into chemical energy as plant cells.,Photosynthesis converts light energy into chemical energy inside plant cells.,1
Machine learning of require large models.,The quick brown fox jumps over the lazy dog near the river bank.,0
The quick brown fox jumps over the and dog near several river bank.,The quick brown fox jumps over the lazy dog near the river bank.,1
During eighteenth industrial the revolution began britain.,The quick brown fox jumps over the lazy dog near the river bank.,0
Climate change is driven largely by greenhouse gas emissions worldwide.,Climate change is driven largely by greenhouse gas emissions worldwide.,1
River the over quick the near lazy dog the bank.,The industrial revolution began in britain during the eighteenth century.,0
Photosynthesis converts light energy into chemical forecasts inside plant cells.,Photosynthesis converts light energy into chemical energy inside plant cells.,1
Energy light into plant photosynthesis inside converts.,Climate change is driven largely by greenhouse gas emissions worldwide.,0
Unrelated quick brown fox appeared over the lazy dog unrelated the river bank.,The quick brown fox jumps over the lazy dog near the river bank.,1
Organizes programming objects object software and oriented classes around.,The industrial revolution began in britain during the eighteenth century.,0
The cooking revolution several in britain meanwhile the eighteenth century.,The industrial revolution began in britain during the eighteenth century.,1
Emissions driven worldwide greenhouse gas climate largely by change is.,Machine learning models require large amounts of labeled training data.,0
The forecasts brown fox jumps over the lazy dog meanwhile the river bank.,The quick brown fox jumps over the lazy dog near the river bank.,1
Organizes object oriented software classes and.,Machine learning models require large amounts of labeled training data.,0
The industrial several began several britain during cooking eighteenth century.,The industrial revolution began in britain during the eighteenth century.,1
Energy energy chemical plant converts photosynthesis cells light inside into.,Object oriented programming organizes software around objects and classes.,0
Photosynthesis converts light energy into chemical energy inside plant cells.,Photosynthesis converts light energy into chemical energy inside plant cells.,1
Cells photosynthesis energy energy into converts inside light chemical plant.,Object oriented programming organizes software around objects and classes.,0
Machine learning models require large amounts and labeled training data.,Machine learning models require large amounts of labeled training data.,1
Into energy converts light energy photosynthesis cells.,Machine learning models require large amounts of labeled training data.,0
Object oriented programming organizes software such objects weather classes.,Object oriented programming organizes software around objects and classes.,1
Into photosynthesis chemical plant energy light cells inside energy.,The quick brown fox jumps over the lazy dog near the river bank.,0
Object as programming organizes software around objects and classes.,Object oriented programming organizes software around objects and classes.,1
Require learning large machine training amounts data of models.,Object oriented programming organizes software around objects and classes.,0
The industrial revolution began in britain during the eighteenth century.,The industrial revolution began in britain during the eighteenth century.,1
Labeled amounts training of require large learning machine.,Object oriented programming organizes software around objects and classes.,0
Meanwhile learning models require large amounts of labeled training data.,Machine learning models require large amounts of labeled training data.,1
Jumps near lazy over quick the the bank fox the.,Object oriented programming organizes software around objects and classes.,0
Photosynthesis converts meanwhile energy into chemical energy inside as cells.,Photosynthesis converts light energy into chemical energy inside plant cells.,1
Energy photosynthesis light chemical converts into cells energy plant.,Object oriented programming organizes software around objects and classes.,0
Machine learning models require large amounts of labeled training data.,Machine learning models require large amounts of labeled training data.,1
Plant energy chemical energy cells photosynthesis into.,Machine learning models require large amounts of labeled training data.,0
Weather recipes models require large amounts of labeled training data.,Machine learning models require large amounts of labeled training data.,1
Classes objects around and software programming organizes oriented object.,The industrial revolution began in britain during the eighteenth century.,0
Climate change is driven largely by greenhouse gas topics worldwide.,Climate change is driven largely by greenhouse gas emissions worldwide.,1
Amounts large labeled training machine models require.,The industrial revolution began in britain during the eighteenth century.,0
Object weather and organizes software around objects and classes.,Object oriented programming organizes software around objects and classes.,1
Inside plant chemical energy photosynthesis converts energy.,Object oriented programming organizes software around objects and classes.,0
Machine learning models such large as of labeled as data.,Machine learning models require large amounts of labeled training data.,1
Jumps brown quick the the near fox lazy dog bank.,Photosynthesis converts light energy into chemical energy inside plant cells.,0
The quick brown fox jumps over the lazy dog near the river bank.,The quick brown fox jumps over the lazy dog near the river bank.,1
Lazy near over dog fox bank the the brown the.,Machine learning models require large amounts of labeled training data.,0
Climate change as driven meanwhile several greenhouse gas emissions worldwide.,Climate change is driven largely by greenhouse gas emissions worldwide.,1
Revolution began britain during eighteenth the century in industrial.,The quick brown fox jumps over the lazy dog near the river bank.,0
The quick brown fox sports over the lazy as near the river bank.,The quick brown fox jumps over the lazy dog near the river bank.,1
The lazy the bank over near the jumps brown quick.,Machine learning models require large amounts of labeled training data.,0
Machine learning appeared require large amounts of recipes training data.,Machine learning models require large amounts of labeled training data.,1
Brown the near over quick lazy bank fox dog.,Photosynthesis converts light energy into chemical energy inside plant cells.,0
Climate change is topics largely topics greenhouse gas appeared worldwide.,Climate change is driven largely by greenhouse gas emissions worldwide.,1
Require training models large labeled learning data machine amounts.,Object oriented programming organizes software around objects and classes.,0
Machine learning models require large amounts of labeled training data.,Machine learning models require large amounts of labeled training data.,1
Change greenhouse worldwide gas climate is by driven.,The quick brown fox jumps over the lazy dog near the river bank.,0
The industrial revolution began in britain during the eighteenth century.,The industrial revolution began in britain during the eighteenth century.,1
In the began during revolution the.,Photosynthesis converts light energy into chemical energy inside plant cells.,0
Photosynthesis cooking light topics recipes chemical energy inside plant cells.,Photosynthesis converts light energy into chemical energy inside plant cells.,1
The over dog river near lazy.,Climate change is driven largely by greenhouse gas emissions worldwide.,0
Climate change is driven largely by greenhouse gas emissions as.,Climate change is driven largely by greenhouse gas emissions worldwide.,1
Change greenhouse gas driven emissions by climate worldwide largely is.,Photosynthesis converts light energy into chemical energy inside plant cells.,0
Climate change is driven largely by greenhouse gas emissions worldwide.,Climate change is driven largely by greenhouse gas emissions worldwide.,1
Worldwide largely by greenhouse is emissions gas climate change driven.,Object oriented programming organizes software around objects and classes.,0
The quick brown fox jumps over the lazy dog near the river bank.,The quick brown fox jumps over the lazy dog near the river bank.,1
Change by is emissions greenhouse worldwide climate largely gas.,Object oriented programming organizes software around objects and classes.,0
Photosynthesis converts light energy into chemical energy inside plant cells.,Photosynthesis converts light energy into chemical energy inside plant cells.,1
Large learning models amounts machine of.,Photosynthesis converts light energy into chemical energy inside plant cells.,0
Climate sports is driven largely by greenhouse gas emissions worldwide.,Climate change is driven largely by greenhouse gas emissions worldwide.,1
The eighteenth industrial britain during began the.,Machine learning models require large amounts of labeled training data.,0
Object oriented programming organizes and around objects cooking appeared.,Object oriented programming organizes software around objects and classes.,1
The the near over bank river brown.,The industrial revolution began in britain during the eighteenth century.,0
Machine learning models require large amounts of labeled training data.,Machine learning models require large amounts of labeled training data.,1
Fox quick the lazy the the near.,Climate change is driven largely by greenhouse gas emissions worldwide.,0
The industrial meanwhile began in britain meanwhile results eighteenth century.,The industrial revolution began in britain during the eighteenth century.,1
Worldwide by change climate gas driven emissions greenhouse.,The industrial revolution began in britain during the eighteenth century.,0
And topics light energy appeared chemical energy inside plant cells.,Photosynthesis converts light energy into chemical energy inside plant cells.,1
The fox jumps dog the brown lazy river.,Photosynthesis converts light energy into chemical energy inside plant cells.,0
Object oriented programming appeared software around objects and classes.,Object oriented programming organizes software around objects and classes.,1
Software oriented classes object and programming objects organizes around.,The industrial revolution began in britain during the eighteenth century.,0
Climate meanwhile is driven largely by greenhouse gas emissions worldwide.,Climate change is driven largely by greenhouse gas emissions worldwide.,1
Eighteenth during britain industrial century the began in revolution.,Object oriented programming organizes software around objects and classes.,0
Photosynthesis converts light energy as chemical energy inside plant cells.,Photosynthesis converts light energy into chemical energy inside plant cells.,1
Models data require training amounts learning machine of labeled large.,Object oriented programming organizes software around objects and classes.,0
Machine learning recipes require large weather of as training data.,Machine learning models require large amounts of labeled training data.,1
Inside energy energy cells plant photosynthesis into chemical light converts.,Machine learning models require large amounts of labeled training data.,0
Machine learning models require large amounts of labeled training data.,Machine learning models require large amounts of labeled training data.,1
Eighteenth in industrial the britain revolution the began century during.,Object oriented programming organizes software around objects and classes.,0
Photosynthesis converts light energy into chemical energy inside recipes cells.,Photosynthesis converts light energy into chemical energy inside plant cells.,1
Models machine data training amounts of labeled.,Object oriented programming organizes software around objects and classes.,0
The quick brown fox jumps over the lazy dog cooking the weather cooking.,The quick brown fox jumps over the lazy dog near the river bank.,1
Data models large amounts machine learning require labeled training of.,The quick brown fox jumps over the lazy dog near the river bank.,0
Object oriented programming organizes software around objects and classes.,Object oriented programming organizes software around objects and classes.,1
Began in revolution during britain century the.,Object oriented programming organizes software around objects and classes.,0
Object oriented programming organizes software around and and results.,Object oriented programming organizes software around objects and classes.,1
Amounts training of machine data models labeled require large.,The quick brown fox jumps over the lazy dog near the river bank.,0
Photosynthesis converts light cooking into chemical energy inside topics cells.,Photosynthesis converts light energy into chemical energy inside plant cells.,1
Amounts labeled models require learning training.,Climate change is driven largely by greenhouse gas emissions worldwide.,0
Photosynthesis converts light energy into chemical such inside plant cells.,Photosynthesis converts light energy into chemical energy inside plant cells.,1
Gas largely worldwide change driven emissions is greenhouse by climate.,Machine learning models require large amounts of labeled training data.,0
The quick brown fox jumps over the topics dog near the river bank.,The quick brown fox jumps over the lazy dog near the river bank.,1
Learning large amounts training machine of models.,Photosynthesis converts light energy into chemical energy inside plant cells.,0
Topics industrial as began in britain during the eighteenth century.,The industrial revolution began in britain during the eighteenth century.,1
Software classes organizes oriented and around object objects.,The quick brown fox jumps over the lazy dog near the river bank.,0
Object oriented programming organizes software around objects and classes.,Object oriented programming organizes software around objects and classes.,1
Energy inside converts photosynthesis plant into cells light.,The quick brown fox jumps over the lazy dog near the river bank.,0
Several converts several energy several chemical energy inside plant cells.,Photosynthesis converts light energy into chemical energy inside plant cells.,1
Worldwide largely climate greenhouse by is gas driven emissions.,Photosynthesis converts light energy into chemical energy inside plant cells.,0
Machine learning models such large amounts of labeled cooking data.,Machine learning models require large amounts of labeled training data.,1
Is largely change worldwide gas by emissions driven greenhouse.,Photosynthesis converts light energy into chemical energy inside plant cells.,0
The quick brown fox jumps over the lazy dog near the river bank.,The quick brown fox jumps over the lazy dog near the river bank.,1
Require labeled data machine large of models training.,Photosynthesis converts light energy into chemical energy inside plant cells.,0
Photosynthesis converts light energy into chemical energy inside plant cells.,Photosynthesis converts light energy into chemical energy inside plant cells.,1
Greenhouse is worldwide largely by gas emissions driven climate.,Object oriented programming organizes software around objects and classes.,0
Machine learning sports require forecasts amounts of labeled training data.,Machine learning models require large amounts of labeled training data.,1
Revolution eighteenth began industrial the in during.,Machine learning models require large amounts of labeled training data.,0
The industrial revolution began in britain during the eighteenth century.,The industrial revolution began in britain during the eighteenth century.,1
Quick jumps fox near the bank the the brown.,Object oriented programming organizes software around objects and classes.,0
The industrial as began in britain during sports eighteenth century.,The industrial revolution began in britain during the eighteenth century.,1
Machine require data amounts labeled of models large.,Object oriented programming organizes software around objects and classes.,0
Machine learning appeared topics large amounts of labeled training data.,Machine learning models require large amounts of labeled training data.,1
Require machine labeled data large training models of learning.,Climate change is driven largely by greenhouse gas emissions worldwide.,0
The quick brown fox jumps over the lazy dog near the river bank.,The quick brown fox jumps over the lazy dog near the river bank.,1
Largely emissions worldwide greenhouse change is climate by gas driven.,The quick brown fox jumps over the lazy dog near the river bank.,0
Climate such is driven largely by greenhouse gas emissions worldwide.,Climate change is driven largely by greenhouse gas emissions worldwide.,1
Learning require of models training amounts data machine.,Climate change is driven largely by greenhouse gas emissions worldwide.,0
Topics converts light energy into chemical energy inside plant cells.,Photosynthesis converts light energy into chemical energy inside plant cells.,1
Dog the jumps quick brown lazy.,Photosynthesis converts light energy into chemical energy inside plant cells.,0
Machine learning models require large amounts of labeled training data.,Machine learning models require large amounts of labeled training data.,1
Software around programming classes objects object organizes.,The industrial revolution began in britain during the eighteenth century.,0
The industrial revolution began as britain appeared the eighteenth century.,The industrial revolution began in britain during the eighteenth century.,1
Eighteenth in the industrial revolution the began.,The quick brown fox jumps over the lazy dog near the river bank.,0
The as as fox jumps over the lazy dog near the river bank.,The quick brown fox jumps over the lazy dog near the river bank.,1
Chemical energy cells converts into energy.,Climate change is driven largely by greenhouse gas emissions worldwide.,0
Climate change such driven largely by greenhouse gas unrelated worldwide.,Climate change is driven largely by greenhouse gas emissions worldwide.,1
Data of large labeled amounts require.,Photosynthesis converts light energy into chemical energy inside plant cells.,0
Sports industrial revolution began in britain several the eighteenth century.,The industrial revolution began in britain during the eighteenth century.,1
Gas climate worldwide by emissions change.,Object oriented programming organizes software around objects and classes.,0
The industrial revolution began in britain such the eighteenth century.,The industrial revolution began in britain during the eighteenth century.,1
Plant converts energy light inside chemical into photosynthesis cells energy.,The quick brown fox jumps over the lazy dog near the river bank.,0
The industrial revolution began in britain appeared the eighteenth topics.,The industrial revolution began in britain during the eighteenth century.,1
Is largely greenhouse driven worldwide climate change emissions gas.,The industrial revolution began in britain during the eighteenth century.,0
Climate several weather driven largely by greenhouse as emissions worldwide.,Climate change is driven largely by greenhouse gas emissions worldwide.,1
The revolution eighteenth the in began.,Machine learning models require large amounts of labeled training data.,0
Weather oriented programming organizes software around objects and several.,Object oriented programming organizes software around objects and classes.,1
Century began during the eighteenth britain in industrial.,Climate change is driven largely by greenhouse gas emissions worldwide.,0
Machine forecasts models require large amounts of labeled training data.,Machine learning models require large amounts of labeled training data.,1
Around oriented object organizes objects classes and programming software.,Photosynthesis converts light energy into chemical energy inside plant cells.,0
The industrial revolution began in britain during the eighteenth appeared.,The industrial revolution began in britain during the eighteenth century.,1
Objects and classes software oriented object programming around.,Climate change is driven largely by greenhouse gas emissions worldwide.,0
Object oriented programming organizes several around unrelated and classes.,Object oriented programming organizes software around objects and classes.,1
The river bank the fox jumps brown quick.,Climate change is driven largely by greenhouse gas emissions worldwide.,0
Climate change is driven largely such greenhouse gas emissions worldwide.,Climate change is driven largely by greenhouse gas emissions worldwide.,1
Gas change worldwide by greenhouse largely.,The quick brown fox jumps over the lazy dog near the river bank.,0
